{
  "config": {
    "candidate_size": 20.0,
    "delayed_gain_window": 5.0,
    "input_rows": 380136.0,
    "max_events": 10000.0,
    "model": "akt",
    "reward_model_cross_fit_folds": 3.0,
    "reward_model_max_examples": 50000.0,
    "target_correct": 0.95,
    "test_fraction": 0.2,
    "training_examples": 228027.0
  },
  "delayed_gain_policy": {
    "concept_priors": 107.0,
    "global_gain_prior": 0.5231360730149056,
    "item_priors": 13297.0,
    "shrinkage": 10.0
  },
  "runs": [
    {
      "model_report": {
        "calibrated": true,
        "cross_fit_ece": 0.0017881080425948162,
        "cross_fit_mae": 0.07456630950286848,
        "cross_fit_rmse": 0.09869431047347188,
        "default_prediction": 0.5233667917545699,
        "example_weighting": "uniform",
        "fallback_only": false,
        "feature_names": [
          "p_correct",
          "difficulty",
          "competence",
          "recent_repetition",
          "progression_expected_reward",
          "progression_stretch_fit",
          "progression_mastery_gain",
          "delayed_gain_prior",
          "item_support_log",
          "concept_support_log",
          "support_score"
        ],
        "n_examples": 50000,
        "sample_weight_max": 1.0,
        "sample_weight_mean": 1.0,
        "target_mean": 0.5233667917545699,
        "train_rmse": 0.09748061803275018,
        "validation_ece": 0.0012454566664075685,
        "validation_mae": 0.07407169349996612,
        "validation_rmse": 0.0980577823521004,
        "validation_weighted_mae": 0.07407169349996612,
        "validation_weighted_rmse": 0.0980577823521004
      },
      "reward_model_example_weighting": "uniform",
      "target_policy": {
        "direct_random_value_mean": 0.5245550475555439,
        "direct_target_value_mean": 0.5858189825679726,
        "logged_action_diagnostics": {
          "bias": -0.019910807864408384,
          "bins": [
            {
              "bin": 1,
              "label_mean": 0.545390743622307,
              "mae": 0.15193405700734092,
              "n": 685,
              "prediction_mean": 0.4520031446197549
            },
            {
              "bin": 2,
              "label_mean": 0.5519235118386084,
              "mae": 0.12740634154517277,
              "n": 685,
              "prediction_mean": 0.478807751448358
            },
            {
              "bin": 3,
              "label_mean": 0.5471318955799234,
              "mae": 0.12917769132948545,
              "n": 685,
              "prediction_mean": 0.49223052342192153
            },
            {
              "bin": 4,
              "label_mean": 0.5461230926445874,
              "mae": 0.13407882195553184,
              "n": 685,
              "prediction_mean": 0.4981946618224717
            },
            {
              "bin": 5,
              "label_mean": 0.5533058280474223,
              "mae": 0.1242239352924503,
              "n": 685,
              "prediction_mean": 0.515133221777453
            },
            {
              "bin": 6,
              "label_mean": 0.5514107075432718,
              "mae": 0.12417115842632101,
              "n": 684,
              "prediction_mean": 0.5236520205628495
            },
            {
              "bin": 7,
              "label_mean": 0.5564384865242312,
              "mae": 0.11739550287649625,
              "n": 684,
              "prediction_mean": 0.5394192704247632
            },
            {
              "bin": 8,
              "label_mean": 0.5544477674748828,
              "mae": 0.1270837587389383,
              "n": 684,
              "prediction_mean": 0.5549365050407249
            },
            {
              "bin": 9,
              "label_mean": 0.5320270160688759,
              "mae": 0.14553036917969708,
              "n": 684,
              "prediction_mean": 0.5790829008760067
            },
            {
              "bin": 10,
              "label_mean": 0.5383659817488976,
              "mae": 0.16994598048880194,
              "n": 684,
              "prediction_mean": 0.6443009754507044
            }
          ],
          "ece": 0.05058430892946289,
          "label_mean": 0.5476573201372316,
          "mae": 0.1350934975552741,
          "n": 6845,
          "prediction_mean": 0.5277465122728232,
          "rmse": 0.1739751842152548,
          "top_bottom_lift": -0.007024761873409391
        },
        "logging_reward_mean": 0.5476573201372316,
        "n_events": 6845,
        "target_effective_matches": 617.0,
        "target_match_diagnostics": {
          "bias": 0.08493922843518846,
          "bins": [
            {
              "bin": 1,
              "label_mean": 0.5340072279255236,
              "mae": 0.12417728028623638,
              "n": 62,
              "prediction_mean": 0.544932909664224
            },
            {
              "bin": 2,
              "label_mean": 0.5846801040954487,
              "mae": 0.14553492827539066,
              "n": 62,
              "prediction_mean": 0.5706595484891083
            },
            {
              "bin": 3,
              "label_mean": 0.5252340796734055,
              "mae": 0.1408944927241328,
              "n": 62,
              "prediction_mean": 0.5921954750466502
            },
            {
              "bin": 4,
              "label_mean": 0.5506214481447975,
              "mae": 0.16754837347782892,
              "n": 62,
              "prediction_mean": 0.598206477498473
            },
            {
              "bin": 5,
              "label_mean": 0.5317869103643843,
              "mae": 0.17593285537217998,
              "n": 62,
              "prediction_mean": 0.6184838412098771
            },
            {
              "bin": 6,
              "label_mean": 0.5565734994387435,
              "mae": 0.14984595853576133,
              "n": 62,
              "prediction_mean": 0.6388932631866744
            },
            {
              "bin": 7,
              "label_mean": 0.5660934987327744,
              "mae": 0.12248209922331454,
              "n": 62,
              "prediction_mean": 0.6491857412503275
            },
            {
              "bin": 8,
              "label_mean": 0.5158061459823384,
              "mae": 0.152763308896708,
              "n": 61,
              "prediction_mean": 0.6559054998976794
            },
            {
              "bin": 9,
              "label_mean": 0.5632258093829364,
              "mae": 0.16512496264392257,
              "n": 61,
              "prediction_mean": 0.6588592984737496
            },
            {
              "bin": 10,
              "label_mean": 0.5291618033673593,
              "mae": 0.2650234560471256,
              "n": 61,
              "prediction_mean": 0.7830478733178506
            }
          ],
          "ece": 0.08775697380826178,
          "label_mean": 0.5457659950112569,
          "mae": 0.16077051318044325,
          "n": 617,
          "prediction_mean": 0.6307052234464453,
          "rmse": 0.20586585803389718,
          "top_bottom_lift": -0.00484542455816428
        },
        "target_match_rate": 0.09013878743608474
      },
      "training_frame_in_sample": {
        "bias": 0.0009371399020968811,
        "bins": [
          {
            "bin": 1,
            "label_mean": 0.46082495758645003,
            "mae": 0.0730792373091076,
            "n": 22803,
            "prediction_mean": 0.4601624651497077
          },
          {
            "bin": 2,
            "label_mean": 0.4843372649641253,
            "mae": 0.058312679237008405,
            "n": 22803,
            "prediction_mean": 0.48654893612419997
          },
          {
            "bin": 3,
            "label_mean": 0.4943717138059322,
            "mae": 0.06590380761280747,
            "n": 22803,
            "prediction_mean": 0.49515673269084787
          },
          {
            "bin": 4,
            "label_mean": 0.5033754764771472,