{
  "item_mean": {
    "accuracy": 0.6778016961900563,
    "auc": 0.6933765054394662,
    "brier": 0.20978571074302613,
    "ece": 0.04850802200598283,
    "log_loss": 0.6143004050098914,
    "n_events": 77114
  },
  "sakt": {
    "accuracy": 0.657079129600332,
    "auc": 0.6338802933877143,
    "brier": 0.21867340120698944,
    "ece": 0.006719240822089456,
    "log_loss": 0.6279552075263403,
    "n_events": 77114
  },
  "split": {
    "test_events": 77114.0,
    "test_items": 14770.0,
    "test_users": 3768.0,
    "train_events": 302649.0,
    "train_items": 17648.0,
    "train_users": 3770.0
  }
}
