{
  "assumptions": {
    "baseline_policy": "random_uniform_candidate",
    "candidate_size": 20.0,
    "logging": "synthetic_uniform_over_candidate_set",
    "max_events": 10000.0,
    "policy": "support_delayed_gain",
    "reward": "delayed_same_concept_gain_proxy",
    "reward_mode": "delayed_gain",
    "reward_model_cross_fit_folds": 3.0,
    "reward_model_example_weighting": "support_inverse",
    "target_correct": 0.95
  },
  "candidate_size_mean": 20.0,
  "comparison": {
    "baseline": {
      "ci_high": 0.5481028933920252,
      "ci_low": 0.5399365290082615,
      "clipped_fraction": 0.0,
      "coverage": 1.0,
      "direct_method": 0.5232955163127818,
      "doubly_robust": 0.5440197112001434,
      "effective_sample_size": 6845.0,
      "estimator": "doubly_robust",
      "ips": 0.5476573201372316,
      "logging_reward": 0.5476573201372316,
      "n_events": 6845,
      "snips": 0.5476573201372316,
      "standard_error": 0.002083294501373253,
      "value": 0.5440197112001434,
      "weight_max": 1.0,
      "weight_mean": 1.0
    },
    "ci_high": -0.0905217855631458,
    "ci_low": -0.14660621181816907,
    "estimator": "doubly_robust",
    "standard_error": 0.014307514499605633,
    "target": {
      "ci_high": 0.45478328431985937,
      "ci_low": 0.3961281406991124,
      "clipped_fraction": 0.0,
      "coverage": 0.0929145361577794,
      "direct_method": 0.5830414194990647,
      "doubly_robust": 0.4254557125094859,
      "effective_sample_size": 636.0,
      "estimator": "doubly_robust",
      "ips": 1.0058214623496455,
      "logging_reward": 0.5476573201372316,
      "n_events": 6845,
      "snips": 0.5412616281276198,
      "standard_error": 0.014963321796576707,
      "value": 0.4254557125094859,
      "weight_max": 20.0,
      "weight_mean": 1.858290723155588
    },
    "uplift": -0.11856399869065744
  },
  "delayed_gain": {
    "dropped_no_future_same_concept": 3155.0,
    "future_same_concept_count_mean": 3.3398100803506208,
    "future_window": 5.0
  },
  "delayed_gain_policy": {
    "concept_priors": 107.0,
    "global_gain_prior": 0.5231360730149056,
    "item_priors": 13297.0,
    "shrinkage": 10.0
  },
  "delayed_gain_reward_model": {
    "calibrated": true,
    "cross_fit_ece": 0.001994567982641693,
    "cross_fit_mae": 0.07460525010249652,
    "cross_fit_rmse": 0.09874985623532241,
    "default_prediction": 0.5233667917545699,
    "example_weighting": "support_inverse",
    "fallback_only": false,
    "feature_names": [
      "p_correct",
      "difficulty",
      "competence",
      "recent_repetition",
      "progression_expected_reward",
      "progression_stretch_fit",
      "progression_mastery_gain",
      "delayed_gain_prior",
      "item_support_log",
      "concept_support_log",
      "support_score"
    ],
    "n_examples": 50000,
    "sample_weight_max": 3.1156622337406366,
    "sample_weight_mean": 0.9999999999999997,
    "target_mean": 0.5233667917545699,
    "train_rmse": 0.09747970995370217,
    "validation_ece": 0.0005424375162317696,
    "validation_mae": 0.07406087831227871,
    "validation_rmse": 0.09807433053096218,
    "validation_weighted_mae": 0.07408198476348346,
    "validation_weighted_rmse": 0.0981197339917555
  },
  "logging_reward": 0.5476573201372316,
  "n_events": 6845,
  "random_match_probability": 0.05,
  "random_value_mean": 0.5232955163127818,
  "split": {
    "test_events": 77114.0,
    "test_items": 14770.0,
    "test_users": 3768.0,
    "train_events": 302649.0,
    "train_items": 17648.0,
    "train_users": 3770.0
  },
  "target_match_rate": 0.0929145361577794,
  "target_value_mean": 0.5830414194990647
}
