{
  "akt": {
    "accuracy": 0.7051767513032653,
    "auc": 0.7354649209209697,
    "brier": 0.19449080451924478,
    "ece": 0.01056935313360465,
    "log_loss": 0.5726516545815215,
    "n_events": 77114
  },
  "item_mean": {
    "accuracy": 0.6778016961900563,
    "auc": 0.6933765054394662,
    "brier": 0.20978571074302613,
    "ece": 0.04850802200598283,
    "log_loss": 0.6143004050098914,
    "n_events": 77114
  },
  "split": {
    "test_events": 77114.0,
    "test_items": 14770.0,
    "test_users": 3768.0,
    "train_events": 302649.0,
    "train_items": 17648.0,
    "train_users": 3770.0
  }
}
